{"assets/fonts/Circular/CircularStd-Black.ttf":["assets/fonts/Circular/CircularStd-Black.ttf"],"assets/fonts/Circular/CircularStd-Bold.ttf":["assets/fonts/Circular/CircularStd-Bold.ttf"],"assets/fonts/Circular/CircularStd-Book.ttf":["assets/fonts/Circular/CircularStd-Book.ttf"],"assets/fonts/Circular/CircularStd-Medium.ttf":["assets/fonts/Circular/CircularStd-Medium.ttf"],"assets/icons/Icon.svg":["assets/icons/Icon.svg"],"assets/icons/arrow-left.svg":["assets/icons/arrow-left.svg"],"assets/icons/arrow-right.svg":["assets/icons/arrow-right.svg"],"assets/icons/bookmark.svg":["assets/icons/bookmark.svg"],"assets/icons/chart-pie.svg":["assets/icons/chart-pie.svg"],"assets/icons/cheveron-down.svg":["assets/icons/cheveron-down.svg"],"assets/icons/cheveron-right.svg":["assets/icons/cheveron-right.svg"],"assets/icons/close.svg":["assets/icons/close.svg"],"assets/icons/cog.svg":["assets/icons/cog.svg"],"assets/icons/collection.svg":["assets/icons/collection.svg"],"assets/icons/emoji-happy.svg":["assets/icons/emoji-happy.svg"],"assets/icons/emoji-sad.svg":["assets/icons/emoji-sad.svg"],"assets/icons/exclamation-circle.svg":["assets/icons/exclamation-circle.svg"],"assets/icons/facebook.png":["assets/icons/facebook.png"],"assets/icons/google.png":["assets/icons/google.png"],"assets/icons/home.svg":["assets/icons/home.svg"],"assets/icons/search.svg":["assets/icons/search.svg"],"assets/icons/share.svg":["assets/icons/share.svg"],"assets/icons/status-offline.svg":["assets/icons/status-offline.svg"],"assets/icons/user-circle.svg":["assets/icons/user-circle.svg"],"assets/images/.DS_Store":["assets/images/.DS_Store"],"assets/images/icon.png":["assets/images/icon.png"],"assets/images/placeholder-dark.png":["assets/images/placeholder-dark.png"],"assets/images/placeholder-light.png":["assets/images/placeholder-light.png"],"assets/lotties/Blogging.json":["assets/lotties/Blogging.json"],"assets/lotties/Chating%20using%20apps%20Colour.json":["assets/lotties/Chating%20using%20apps%20Colour.json"],"assets/lotties/Growth%20Animation.json":["assets/lotties/Growth%20Animation.json"],"packages/cupertino_icons/assets/CupertinoIcons.ttf":["packages/cupertino_icons/assets/CupertinoIcons.ttf"],"packages/flutter_math_fork/lib/katex_fonts/fonts/KaTeX_AMS-Regular.ttf":["packages/flutter_math_fork/lib/katex_fonts/fonts/KaTeX_AMS-Regular.ttf"],"packages/flutter_math_fork/lib/katex_fonts/fonts/KaTeX_Caligraphic-Bold.ttf":["packages/flutter_math_fork/lib/katex_fonts/fonts/KaTeX_Caligraphic-Bold.ttf"],"packages/flutter_math_fork/lib/katex_fonts/fonts/KaTeX_Caligraphic-Regular.ttf":["packages/flutter_math_fork/lib/katex_fonts/fonts/KaTeX_Caligraphic-Regular.ttf"],"packages/flutter_math_fork/lib/katex_fonts/fonts/KaTeX_Fraktur-Bold.ttf":["packages/flutter_math_fork/lib/katex_fonts/fonts/KaTeX_Fraktur-Bold.ttf"],"packages/flutter_math_fork/lib/katex_fonts/fonts/KaTeX_Fraktur-Regular.ttf":["packages/flutter_math_fork/lib/katex_fonts/fonts/KaTeX_Fraktur-Regular.ttf"],"packages/flutter_math_fork/lib/katex_fonts/fonts/KaTeX_Main-Bold.ttf":["packages/flutter_math_fork/lib/katex_fonts/fonts/KaTeX_Main-Bold.ttf"],"packages/flutter_math_fork/lib/katex_fonts/fonts/KaTeX_Main-BoldItalic.ttf":["packages/flutter_math_fork/lib/katex_fonts/fonts/KaTeX_Main-BoldItalic.ttf"],"packages/flutter_math_fork/lib/katex_fonts/fonts/KaTeX_Main-Italic.ttf":["packages/flutter_math_fork/lib/katex_fonts/fonts/KaTeX_Main-Italic.ttf"],"packages/flutter_math_fork/lib/katex_fonts/fonts/KaTeX_Main-Regular.ttf":["packages/flutter_math_fork/lib/katex_fonts/fonts/KaTeX_Main-Regular.ttf"],"packages/flutter_math_fork/lib/katex_fonts/fonts/KaTeX_Math-BoldItalic.ttf":["packages/flutter_math_fork/lib/katex_fonts/fonts/KaTeX_Math-BoldItalic.ttf"],"packages/flutter_math_fork/lib/katex_fonts/fonts/KaTeX_Math-Italic.ttf":["packages/flutter_math_fork/lib/katex_fonts/fonts/KaTeX_Math-Italic.ttf"],"packages/flutter_math_fork/lib/katex_fonts/fonts/KaTeX_SansSerif-Bold.ttf":["packages/flutter_math_fork/lib/katex_fonts/fonts/KaTeX_SansSerif-Bold.ttf"],"packages/flutter_math_fork/lib/katex_fonts/fonts/KaTeX_SansSerif-Italic.ttf":["packages/flutter_math_fork/lib/katex_fonts/fonts/KaTeX_SansSerif-Italic.ttf"],"packages/flutter_math_fork/lib/katex_fonts/fonts/KaTeX_SansSerif-Regular.ttf":["packages/flutter_math_fork/lib/katex_fonts/fonts/KaTeX_SansSerif-Regular.ttf"],"packages/flutter_math_fork/lib/katex_fonts/fonts/KaTeX_Script-Regular.ttf":["packages/flutter_math_fork/lib/katex_fonts/fonts/KaTeX_Script-Regular.ttf"],"packages/flutter_math_fork/lib/katex_fonts/fonts/KaTeX_Size1-Regular.ttf":["packages/flutter_math_fork/lib/katex_fonts/fonts/KaTeX_Size1-Regular.ttf"],"packages/flutter_math_fork/lib/katex_fonts/fonts/KaTeX_Size2-Regular.ttf":["packages/flutter_math_fork/lib/katex_fonts/fonts/KaTeX_Size2-Regular.ttf"],"packages/flutter_math_fork/lib/katex_fonts/fonts/KaTeX_Size3-Regular.ttf":["packages/flutter_math_fork/lib/katex_fonts/fonts/KaTeX_Size3-Regular.ttf"],"packages/flutter_math_fork/lib/katex_fonts/fonts/KaTeX_Size4-Regular.ttf":["packages/flutter_math_fork/lib/katex_fonts/fonts/KaTeX_Size4-Regular.ttf"],"packages/flutter_math_fork/lib/katex_fonts/fonts/KaTeX_Typewriter-Regular.ttf":["packages/flutter_math_fork/lib/katex_fonts/fonts/KaTeX_Typewriter-Regular.ttf"],"packages/fluttertoast/assets/toastify.css":["packages/fluttertoast/assets/toastify.css"],"packages/fluttertoast/assets/toastify.js":["packages/fluttertoast/assets/toastify.js"],"packages/wakelock_web/assets/no_sleep.js":["packages/wakelock_web/assets/no_sleep.js"]}